<?xml version="1.0" encoding="UTF-8" standalone="no" ?><toolSetting xmlns="http://actel.com/sweng/afi" component="manchesterEncoderComplete" xmlns:actel-cc="http://www.actel.com/XMLSchema/CoreConsole" xmlns:spirit="http://www.spiritconsortium.org/XMLSchema/SPIRIT/1.1"><device VendorTechnology_Die="M1IS6X6M2LPLV" VendorTechnology_DieVoltage="1.2~1.5" VendorTechnology_Family="IGLOO" VendorTechnology_Package="fg484" VendorTechnology_Speed="STD"><advancedoptions IO_DEFT_STD="LVCMOS 1.2V" OPCONR="COM" TEMPR="COM" VCCI_1.2_VOLTR="COM" VCCI_1.5_VOLTR="COM" VCCI_1.8_VOLTR="COM" VCCI_2.5_VOLTR="COM" VCCI_3.3_VOLTR="COM" VOLTR="COM"/></device><tool Constraint_Default="true" Simulation_Default="true" Source_Default="true" Stimulus_Default="true" internal_name="VIEWDRAWCONFIGURATOR" library="Tool" name="ViewDraw" state="0" vendor="Actel" version="1.0.100"><configuration/><input_files/><output_files/><report_files/></tool><tool Constraint_Default="true" Simulation_Default="true" Source_Default="true" Stimulus_Default="true" internal_name="SYNTHESIZE_PS" library="Tool" name="Precision" state="0" vendor="Mentor" version="1.0.100"><configuration/><input_files/><output_files/><report_files/></tool><tool Constraint_Default="true" Simulation_Default="true" Source_Default="true" Stimulus_Default="true" internal_name="SYNTHESIZE" library="Tool" name="Synthesize" state="1" vendor="Synopsis" version="1.0.101"><configuration><spirit:hwParameter spirit:name="LANGUAGE_SYSTEM_VLOG">false</spirit:hwParameter><spirit:hwParameter spirit:name="LANGUAGE_VERILOG_2001">true</spirit:hwParameter><spirit:hwParameter spirit:name="LANGUAGE_VHDL_2008">false</spirit:hwParameter></configuration><input_files><file><path>component\work\generamensajes\generamensajes.vhd</path><type>HDL</type><fileset>HDL_FILESET</fileset><local>true</local><used>false</used><selectable>true</selectable><timestamp>1370263435</timestamp></file><file><path>component\work\manchesterEncoderComplete\manchesterEncoderComplete.vhd</path><type>HDL</type><fileset>HDL_FILESET</fileset><local>true</local><used>true</used><selectable>true</selectable><timestamp>1370250489</timestamp></file><file><path>component\work\RingOscillator\RingOscillator.vhd</path><type>HDL</type><fileset>HDL_FILESET</fileset><local>true</local><used>false</used><selectable>true</selectable><timestamp>1367932471</timestamp></file><file><path>hdl\controlbloque.vhd</path><type>HDL</type><fileset>HDL_FILESET</fileset><local>true</local><used>false</used><selectable>true</selectable><timestamp>1368694809</timestamp></file><file><path>hdl\counter.vhd</path><type>HDL</type><fileset>HDL_FILESET</fileset><local>true</local><used>false</used><selectable>true</selectable><timestamp>1368697471</timestamp></file><file><path>hdl\detectorflanco.vhd</path><type>HDL</type><fileset>HDL_FILESET</fileset><local>true</local><used>false</used><selectable>true</selectable><timestamp>1367924857</timestamp></file><file><path>hdl\ManchesterEncoder_ctrl.vhd</path><type>HDL</type><fileset>HDL_FILESET</fileset><local>true</local><used>true</used><selectable>true</selectable><timestamp>1370263301</timestamp></file><file><path>hdl\manchester_encoder.vhd</path><type>HDL</type><fileset>HDL_FILESET</fileset><local>true</local><used>true</used><selectable>true</selectable><timestamp>1370263341</timestamp></file><file><path>hdl\Wupu_pck.vhd</path><type>HDL</type><fileset>HDL_FILESET</fileset><local>true</local><used>true</used><selectable>true</selectable><timestamp>1370009832</timestamp></file><file><path>smartgen\muxRefTime\muxRefTime.vhd</path><type>HDL</type><fileset>HDL_FILESET</fileset><local>true</local><used>false</used><selectable>true</selectable><timestamp>1367922513</timestamp></file><file><path>smartgen\ringO_cnt\ringO_cnt.vhd</path><type>HDL</type><fileset>HDL_FILESET</fileset><local>true</local><used>false</used><selectable>true</selectable><timestamp>1367938309</timestamp></file><file><path>synthesis\manchesterEncoderComplete_sdc.sdc</path><type>SDC_ROOT</type><fileset>DESIGNER_FILESET</fileset><local>true</local><used>false</used><selectable>true</selectable><timestamp>1370263466</timestamp></file></input_files><output_files><file><path>synthesis\manchesterEncoderComplete.edn</path><type>EDN</type><fileset>HDL_FILESET</fileset><local>true</local><used>true</used><selectable>true</selectable><timestamp>1370263466</timestamp></file></output_files><report_files><file><path>synthesis\synplify.log</path><type>LOG</type><fileset>OTHER_FILESET</fileset><local>true</local><used>true</used><selectable>true</selectable><timestamp>0</timestamp></file><file><path>synthesis\manchesterEncoderComplete.srr</path><type>LOG</type><fileset>OTHER_FILESET</fileset><local>true</local><used>true</used><selectable>true</selectable><timestamp>0</timestamp></file><file><path>synthesis\manchesterEncoderComplete.areasrr</path><type>LOG</type><fileset>OTHER_FILESET</fileset><local>true</local><used>true</used><selectable>true</selectable><timestamp>0</timestamp></file><file><path>synthesis\run_options.txt</path><type>LOG</type><fileset>OTHER_FILESET</fileset><local>true</local><used>true</used><selectable>true</selectable><timestamp>0</timestamp></file></report_files></tool><tool Constraint_Default="true" Simulation_Default="true" Source_Default="true" Stimulus_Default="true" internal_name="SOFTWAREIDE" library="Tool" name="SoftwareIDE" state="0" vendor="Actel" version="1.0.100"><configuration/><input_files/><output_files/><report_files/></tool><tool Constraint_Default="true" Simulation_Default="true" Source_Default="true" Stimulus_Default="true" internal_name="SMARTDESIGNCONFIGURATOR" library="Tool" name="SmartDesign" state="0" vendor="Actel" version="1.0.100"><configuration/><input_files/><output_files/><report_files/></tool><tool Constraint_Default="true" Simulation_Default="true" Source_Default="true" Stimulus_Default="true" internal_name="SIM_PRESYNTH" library="Tool" name="RTLSimulation" state="0" vendor="Actel" version="1.0.100"><configuration/><input_files/><output_files/><report_files/></tool><tool Constraint_Default="true" Simulation_Default="true" Source_Default="true" Stimulus_Default="true" internal_name="SIM_POSTSYNTH" library="Tool" name="PostSynthesisSimulation" state="0" vendor="Actel" version="1.0.100"><configuration/><input_files/><output_files/><report_files/></tool><tool Constraint_Default="true" Simulation_Default="true" Source_Default="true" Stimulus_Default="true" internal_name="SDTB" library="Tool" name="SDTB" state="0" vendor="Actel" version="1.0.100"><configuration/><input_files/><output_files/><report_files/></tool><tool Constraint_Default="true" Simulation_Default="true" Source_Default="true" Stimulus_Default="true" internal_name="HDLTB" library="Tool" name="HDLTB" state="0" vendor="Actel" version="1.0.100"><configuration/><input_files/><output_files/><report_files/></tool><tool Constraint_Default="true" Simulation_Default="true" Source_Default="true" Stimulus_Default="true" internal_name="HDLEDITOR" library="Tool" name="HDL" state="0" vendor="Actel" version="1.0.100"><configuration/><input_files/><output_files/><report_files/></tool><tool Constraint_Default="true" Simulation_Default="true" Source_Default="true" Stimulus_Default="true" internal_name="FIRMWARECONFIGURATOR" library="Tool" name="FirmwareView" state="0" vendor="Actel" version="1.0.100"><configuration/><input_files/><output_files/><report_files/></tool><tool Constraint_Default="true" Simulation_Default="true" Source_Default="true" Stimulus_Default="true" internal_name="EDITTIMING_PRESYNTH" library="Tool" name="TimingConstraints" state="0" vendor="Actel" version="1.0.100"><configuration/><input_files/><output_files/><report_files/></tool><tool Constraint_Default="true" Simulation_Default="true" Source_Default="true" Stimulus_Default="true" internal_name="EDITIO_PRESYNTH" library="Tool" name="IOEditor" state="0" vendor="Actel" version="1.0.100"><configuration/><input_files/><output_files/><report_files/></tool><tool Constraint_Default="false" Simulation_Default="true" Source_Default="true" Stimulus_Default="true" internal_name="COMPILE" library="Tool" name="Compile" state="9" vendor="Actel" version="1.0.100"><configuration><spirit:hwParameter spirit:name="MERGEPDC">false</spirit:hwParameter><spirit:hwParameter spirit:name="MERGESDC">true</spirit:hwParameter></configuration><input_files><file><path>synthesis\manchesterEncoderComplete.edn</path><type>HDL</type><fileset>HDL_FILESET</fileset><local>true</local><used>true</used><selectable>true</selectable><timestamp>1370263466</timestamp></file><file><path>constraint\controlenc.pdc</path><type>PDC</type><fileset>DESIGNER_FILESET</fileset><local>true</local><used>false</used><selectable>true</selectable><timestamp>1352132835</timestamp></file><file><path>constraint\pinset.pdc</path><type>PDC</type><fileset>DESIGNER_FILESET</fileset><local>true</local><used>true</used><selectable>true</selectable><timestamp>1368692093</timestamp></file><file><path>synthesis\manchesterEncoderComplete_sdc.sdc</path><type>SDC_PRJ</type><fileset>DESIGNER_FILESET</fileset><local>true</local><used>false</used><selectable>true</selectable><timestamp>1370263466</timestamp></file></input_files><output_files><file><path>designer\impl1\manchesterEncoderComplete.adb</path><type>ADB</type><fileset/><local>true</local><used>true</used><selectable>true</selectable><timestamp>1370264399</timestamp></file></output_files><report_files><file><path>designer\impl1\manchesterEncoderComplete_compile_log.rpt</path><type>LOG</type><fileset>OTHER_FILESET</fileset><local>true</local><used>true</used><selectable>true</selectable><timestamp>0</timestamp></file><file><path>designer\impl1\manchesterEncoderComplete_compile_report.txt</path><type>LOG</type><fileset>OTHER_FILESET</fileset><local>true</local><used>true</used><selectable>true</selectable><timestamp>0</timestamp></file></report_files></tool><tool Constraint_Default="true" Simulation_Default="true" Source_Default="true" Stimulus_Default="true" internal_name="PLACEROUTE" library="Tool" name="Layout" state="0" vendor="Actel" version="1.0.100"><configuration><spirit:hwParameter spirit:name="INCRPLACEANDROUTE">false</spirit:hwParameter><spirit:hwParameter spirit:name="TDPR">true</spirit:hwParameter></configuration><input_files/><output_files/><report_files/></tool><tool Constraint_Default="true" Simulation_Default="true" Source_Default="true" Stimulus_Default="true" internal_name="EXPORTSDF" library="Tool" name="BackAnnotation" state="0" vendor="Actel" version="1.0.100"><configuration/><input_files/><output_files/><report_files/></tool><tool Constraint_Default="true" Simulation_Default="true" Source_Default="true" Stimulus_Default="true" internal_name="SIM_POSTLAYOUT" library="Tool" name="BackAnnotatedSimulation" state="0" vendor="Actel" version="1.0.100"><configuration/><input_files/><output_files/><report_files/></tool><tool Constraint_Default="true" Simulation_Default="true" Source_Default="true" Stimulus_Default="true" internal_name="EXPORTIBIS" library="Tool" name="ExportIBIS" state="0" vendor="Actel" version="1.0.100"><configuration/><input_files/><output_files/><report_files/></tool><tool Constraint_Default="true" Simulation_Default="true" Source_Default="true" Stimulus_Default="true" internal_name="EXPORTPIN" library="Tool" name="ExportPin" state="0" vendor="Actel" version="1.0.100"><configuration><spirit:hwParameter spirit:name="PINRPT_BY_NAME">true</spirit:hwParameter><spirit:hwParameter spirit:name="PINRPT_BY_NUMBER">true</spirit:hwParameter></configuration><input_files/><output_files/><report_files/></tool><tool Constraint_Default="true" Simulation_Default="true" Source_Default="true" Stimulus_Default="true" internal_name="VERIFYPOWER" library="Tool" name="AnalyzePower" state="0" vendor="Actel" version="1.0.100"><configuration/><input_files/><output_files/><report_files/></tool><tool Constraint_Default="true" Simulation_Default="true" Source_Default="true" Stimulus_Default="true" internal_name="VERIFYTIMING" library="Tool" name="AnalyzeTiming" state="0" vendor="Actel" version="1.0.100"><configuration/><input_files/><output_files/><report_files/></tool><tool Constraint_Default="true" Simulation_Default="true" Source_Default="true" Stimulus_Default="true" internal_name="PUBLISHBLOCK" library="Tool" name="PublishDesignerBlock" state="0" vendor="Actel" version="1.0.100"><configuration><spirit:hwParameter spirit:name="LANGUAGE">verilog</spirit:hwParameter><spirit:hwParameter spirit:name="PLACEMENT">true</spirit:hwParameter><spirit:hwParameter spirit:name="REGION">true</spirit:hwParameter><spirit:hwParameter spirit:name="ROUTING">true</spirit:hwParameter></configuration><input_files/><output_files/><report_files/></tool><tool Constraint_Default="true" Simulation_Default="true" Source_Default="true" Stimulus_Default="true" internal_name="GENERATEPROGRAMMINGDATA" library="Tool" name="ProgrammingData" state="0" vendor="Actel" version="1.0.100"><configuration/><input_files/><output_files/><report_files/></tool><tool Constraint_Default="true" Simulation_Default="true" Source_Default="true" Stimulus_Default="true" internal_name="EXPORTPROGRAMMINGFILE" library="Tool" name="ExportProgrammingFile" state="0" vendor="Actel" version="1.0.100"><configuration/><input_files/><output_files/><report_files/></tool><tool Constraint_Default="true" Simulation_Default="true" Source_Default="true" Stimulus_Default="true" internal_name="PROGRAMDEVICE" library="Tool" name="ProgramDevice" state="0" vendor="Actel" version="1.0.100"><configuration/><input_files/><output_files/><report_files/></tool><tool Constraint_Default="true" Simulation_Default="true" Source_Default="true" Stimulus_Default="true" internal_name="INSTRUMENTDESIGN" library="Tool" name="InstrumentDesign" state="0" vendor="Actel" version="1.0.100"><configuration/><input_files/><output_files/><report_files/></tool><tool Constraint_Default="true" Simulation_Default="true" Source_Default="true" Stimulus_Default="true" internal_name="EDITFLOORPLAN_POSTCOMPILE" library="Tool" name="FloorPlan" state="0" vendor="Actel" version="1.0.100"><configuration/><input_files/><output_files/><report_files/></tool><tool Constraint_Default="true" Simulation_Default="true" Source_Default="true" Stimulus_Default="true" internal_name="EDITTIMING_POSTCOMPILE" library="Tool" name="TimingConstraints" state="0" vendor="Actel" version="1.0.100"><configuration/><input_files/><output_files/><report_files/></tool><tool Constraint_Default="true" Simulation_Default="true" Source_Default="true" Stimulus_Default="true" internal_name="EDITIO_POSTCOMPILE" library="Tool" name="MVNIOEditor" state="0" vendor="Actel" version="1.0.100"><configuration/><input_files/><output_files/><report_files/></tool></toolSetting>