<?xml version="1.0" encoding="utf-8"?> 
<!-- 
  Synopsys, Inc.
  Version F-2012.03M-SP1 
  Project file C:\Users\Victor Ros\Documents\Cookies\wake_up_radio\auxpoyect\GeneradorRingOSC\synthesis\syntmp\run_option.xml
  Written on Mon Jun 03 15:44:18 2013


--> 
<project_attribute_list name="Project Settings"> 
     <option name="project_name" display_name="Project Name">generamensajes_syn</option>
     <option name="impl_name" display_name="Implementation Name">synthesis</option>
     <option name="top_module" display_name="Top Module">work.generamensajes</option>
     <option name="retiming" display_name="Retiming">0</option>
     <option name="resource_sharing" display_name="Resource Sharing">1</option>
     <option name="maxfan" display_name="Fanout Guide">24</option>
     <option name="disable_io_insertion" display_name="Disable I/O Insertion">0</option>
     <option name="symbolic_fsm_compiler" display_name="FSM Compiler">1</option>
</project_attribute_list>

