<?xml version="1.0" encoding="ISO-8859-1" ?>
<?xml-stylesheet type="text/xsl" href="datasheet.xsl"?>
<datasheet>
  <header>generamensajes</header>
  <project-settings>
    <fam>IGLOO</fam>
    <die>M1AGL600V2</die>
    <package>484 FBGA</package>
    <speed-grade>STD</speed-grade>
    <voltage>1.2~1.5</voltage>
    <hdl-type>VHDL</hdl-type>
    <project-description>
    </project-description>
    <location>C:/Users/Victor Ros/Documents/Cookies/wake_up_radio/auxpoyect/GeneradorRingOSC/component/work/generamensajes</location>
    <state>GENERATED ( Mon Jun 03 15:44:11 2013 )</state>
    <swide-toolchain>SoftConsole workspace has not been generated</swide-toolchain>
  </project-settings>
  <site-map>
  </site-map>
  <fileset>
    <name>HDL File(s)</name>
    <file>C:\Users\Victor Ros\Documents\Cookies\wake_up_radio\auxpoyect\GeneradorRingOSC\component\work\generamensajes\generamensajes.vhd</file>
    <file>C:\Users\Victor Ros\Documents\Cookies\wake_up_radio\auxpoyect\GeneradorRingOSC\component\work\manchesterEncoderComplete\manchesterEncoderComplete.vhd</file>
    <file>C:\Users\Victor Ros\Documents\Cookies\wake_up_radio\auxpoyect\GeneradorRingOSC\component\work\RingOscillator\RingOscillator.vhd</file>
    <file>C:\Users\Victor Ros\Documents\Cookies\wake_up_radio\auxpoyect\GeneradorRingOSC\hdl\controlbloque.vhd</file>
    <file>C:\Users\Victor Ros\Documents\Cookies\wake_up_radio\auxpoyect\GeneradorRingOSC\hdl\counter.vhd</file>
    <file>C:\Users\Victor Ros\Documents\Cookies\wake_up_radio\auxpoyect\GeneradorRingOSC\hdl\detectorflanco.vhd</file>
    <file>C:\Users\Victor Ros\Documents\Cookies\wake_up_radio\auxpoyect\GeneradorRingOSC\hdl\ManchesterEncoder_ctrl.vhd</file>
    <file>C:\Users\Victor Ros\Documents\Cookies\wake_up_radio\auxpoyect\GeneradorRingOSC\hdl\manchester_encoder.vhd</file>
    <file>C:\Users\Victor Ros\Documents\Cookies\wake_up_radio\auxpoyect\GeneradorRingOSC\hdl\Wupu_pck.vhd</file>
    <file>C:\Users\Victor Ros\Documents\Cookies\wake_up_radio\auxpoyect\GeneradorRingOSC\smartgen\muxRefTime\muxRefTime.vhd</file>
    <file>C:\Users\Victor Ros\Documents\Cookies\wake_up_radio\auxpoyect\GeneradorRingOSC\smartgen\ringO_cnt\ringO_cnt.vhd</file>
  </fileset>
  <io>
    <port-name>sel1o</port-name>
    <direction>OUT</direction>
    <pin-number>-</pin-number>
    <io-standard>LVCMOS12</io-standard>
  </io>
  <io>
    <port-name>adress4</port-name>
    <direction>IN</direction>
    <pin-number>-</pin-number>
    <io-standard>LVCMOS12</io-standard>
  </io>
  <io>
    <port-name>leddin0</port-name>
    <direction>OUT</direction>
    <pin-number>-</pin-number>
    <io-standard>LVCMOS12</io-standard>
  </io>
  <io>
    <port-name>Sel0</port-name>
    <direction>IN</direction>
    <pin-number>-</pin-number>
    <io-standard>LVCMOS12</io-standard>
  </io>
  <io>
    <port-name>CLK_OUT</port-name>
    <direction>OUT</direction>
    <pin-number>-</pin-number>
    <io-standard>LVCMOS12</io-standard>
  </io>
  <io>
    <port-name>led3</port-name>
    <direction>OUT</direction>
    <pin-number>-</pin-number>
    <io-standard>LVCMOS12</io-standard>
  </io>
  <io>
    <port-name>extern_msg</port-name>
    <direction>IN</direction>
    <pin-number>-</pin-number>
    <io-standard>LVCMOS12</io-standard>
  </io>
  <io>
    <port-name>NewMsgTrigger</port-name>
    <direction>OUT</direction>
    <pin-number>-</pin-number>
    <io-standard>LVCMOS12</io-standard>
  </io>
  <io>
    <port-name>led2</port-name>
    <direction>OUT</direction>
    <pin-number>-</pin-number>
    <io-standard>LVCMOS12</io-standard>
  </io>
  <io>
    <port-name>EN</port-name>
    <direction>IN</direction>
    <pin-number>-</pin-number>
    <io-standard>LVCMOS12</io-standard>
  </io>
  <io>
    <port-name>TX_Active</port-name>
    <direction>OUT</direction>
    <pin-number>-</pin-number>
    <io-standard>LVCMOS12</io-standard>
  </io>
  <io>
    <port-name>sel0o</port-name>
    <direction>OUT</direction>
    <pin-number>-</pin-number>
    <io-standard>LVCMOS12</io-standard>
  </io>
  <io>
    <port-name>led1</port-name>
    <direction>OUT</direction>
    <pin-number>-</pin-number>
    <io-standard>LVCMOS12</io-standard>
  </io>
  <io>
    <port-name>Reset</port-name>
    <direction>IN</direction>
    <pin-number>-</pin-number>
    <io-standard>LVCMOS12</io-standard>
  </io>
  <io>
    <port-name>b_msg</port-name>
    <direction>IN</direction>
    <pin-number>-</pin-number>
    <io-standard>LVCMOS12</io-standard>
  </io>
  <io>
    <port-name>adress3</port-name>
    <direction>IN</direction>
    <pin-number>-</pin-number>
    <io-standard>LVCMOS12</io-standard>
  </io>
  <io>
    <port-name>leddin1</port-name>
    <direction>OUT</direction>
    <pin-number>-</pin-number>
    <io-standard>LVCMOS12</io-standard>
  </io>
  <io>
    <port-name>dout</port-name>
    <direction>OUT</direction>
    <pin-number>-</pin-number>
    <io-standard>LVCMOS12</io-standard>
  </io>
  <io>
    <port-name>adress2</port-name>
    <direction>IN</direction>
    <pin-number>-</pin-number>
    <io-standard>LVCMOS12</io-standard>
  </io>
  <io>
    <port-name>din</port-name>
    <direction>IN</direction>
    <pin-number>-</pin-number>
    <io-standard>LVCMOS12</io-standard>
  </io>
  <io>
    <port-name>Sel1</port-name>
    <direction>IN</direction>
    <pin-number>-</pin-number>
    <io-standard>LVCMOS12</io-standard>
  </io>
  <io>
    <port-name>adress1</port-name>
    <direction>IN</direction>
    <pin-number>-</pin-number>
    <io-standard>LVCMOS12</io-standard>
  </io>
  <io>
    <port-name>led4</port-name>
    <direction>OUT</direction>
    <pin-number>-</pin-number>
    <io-standard>LVCMOS12</io-standard>
  </io>
  <core type="HdlModule">
    <core-type>HdlModule</core-type>
    <core-exttype>contador</core-exttype>
    <core-location>hdl\counter.vhd</core-location>
    <core-name>contador_0</core-name>
  </core>
  <core type="HdlModule">
    <core-type>HdlModule</core-type>
    <core-exttype>control</core-exttype>
    <core-location>hdl\controlbloque.vhd</core-location>
    <core-name>control_0</core-name>
  </core>
  <core type="HdlModule">
    <core-type>HdlModule</core-type>
    <core-exttype>detectorflanco</core-exttype>
    <core-location>hdl\detectorflanco.vhd</core-location>
    <core-name>detectorflanco_0</core-name>
  </core>
  <core type="AdlibModule">
    <core-type>AdlibModule</core-type>
    <core-exttype>INBUF</core-exttype>
    <core-name>INBUF_0</core-name>
  </core>
  <core type="ComponentModule">
    <core-type>ComponentModule</core-type>
    <core-exttype>SmartDesign</core-exttype>
    <core-location>C:/Users/Victor Ros/Documents/Cookies/wake_up_radio/auxpoyect/GeneradorRingOSC/component/work/manchesterEncoderComplete</core-location>
    <core-name>manchesterEncoderComplete_0</core-name>
  </core>
  <core type="ComponentModule">
    <core-type>ComponentModule</core-type>
    <core-exttype>SmartGen</core-exttype>
    <core-location>C:/Users/Victor Ros/Documents/Cookies/wake_up_radio/auxpoyect/GeneradorRingOSC/smartgen/muxRefTime</core-location>
    <core-name>muxRefTime_0</core-name>
  </core>
  <core type="ComponentModule">
    <core-type>ComponentModule</core-type>
    <core-exttype>SmartDesign</core-exttype>
    <core-location>C:/Users/Victor Ros/Documents/Cookies/wake_up_radio/auxpoyect/GeneradorRingOSC/component/work/RingOscillator</core-location>
    <core-name>RingOscillator_0</core-name>
  </core>
  <memorysystem>
    <title>Memory Map for generamensajes</title>
    <description>The project does not contain any subsystems.</description>
  </memorysystem>
</datasheet>
